Symbol	log2FoldChange	padj
AT3G28580	3.078957043	0.008571432
FRD3	2.665955536	0.048836295
PLDALPHA3	2.641828897	0.000000000213
BT2	2.390678489	0.000940639
RD26	2.009755762	0.0000000000202
BLH1	1.662070425	0.000000436
AATP1	1.610652418	0.002363847
GRP5	1.595732173	0.00000176
GASA1	1.573216844	0.0000000000000000000000000000000000000000000000000000000000021
LHCB2.1	1.497607583	0.001768723
GORK	1.366376215	0.00000494
FER2	1.3323088	0.0000000000000000000000000000000000000000000592
HFR1	1.318321041	0.002157321
LrgB	1.256758979	0.002240945
CLO4	1.250671882	0.002824973
ROP9	1.250070434	0.00000000000654
AFP1	1.106505418	0.0000000000000000000557
LHCB3	1.054688799	0.000936052
ANNAT1	-1.018596511	0.0000000027
AT3G58450	-1.097651907	0.000000000000000772
EM1	-1.178919843	0.0000000000000000000000000000000000000000000000000000000000000000000000502
DOX1	-1.270374118	0.034238898
RAP2.6	-1.304567589	0.037360128
GEA6	-1.343224384	0.00000000000000000000000000000000000000000000000000000000000000016
AT4G25580	-1.363974877	0.000000000000000000000000000000000000871
CRU2	-1.465485077	0.036379107
COR27	-1.746148673	0.000272705
AT4G33980	-1.841263133	0.0000000947
CRU3	-1.847227656	0.049647321
ADH1	-1.879958685	0.00000000000000000000000000000000000000000000000000000000000000000000000000000000000836
GolS2	-2.015123253	0.0000000000000000000000000000000000276
RAB18	-3.061201688	0.00000000000000000000000000000318
GLYI4	-3.116459826	0.004742944
CRA1	-3.366524252	0.000000000000000000000207
DOG1	-5.323507144	0.0000304
AT1G73580	-5.839330047	0.000152958