symbol	log2FoldChange	padj	categories
OLE1	3.39291095111344	0.000000000000000000000000000000000000000000000000000000000000000000000000000000000000000000000000000000000000000000000000000000000000000000000000000000000000000000000000000000000000000000000000000000000000000000000000000000000000000000000000000000000000000000000000000000000000000033341802847738	Lipid storage
OLE2	3.45430045390046	0.000000000000000000000000000000000000000000000000000000000000000000000000000000000000000000000000000000000000000000000000000000000000000000000000000000000000000000000000000000000000000000000000000000000000000000000000000000000000000000000000000000000000000000000000000000000000000033341802847738	Lipid storage
OBAP1a	3.69267232875173	0.000000000000000000000000000000000000000000000000000000000000000000000000000000000000000000000000000000000000000000000000000000000000000000000000000000000000000000000000000000000000000000000000000000000000000000000000000000000000000000000000000000000000000000000000000000000000000033341802847738	Lipid storage
OLE3	2.13892286563195	0.0000000000000000000000000000000000000000000000000000000000000000000000000000000000000000163191885943285	Lipid storage
AT3G01570	2.01994414802354	0.0000000000000000000000000000000000000000000000000000000000000000000000000000000000000237319964248471	Lipid storage
SEIPIN1	2.88374156975134	0.000000000000000000000000000000000000000000000000000000000947894094629568	Lipid storage
AtCLO1	3.13113927875773	0.00000000000000000000000000000000000000000000000000000000000000000000000000000000000000000000000000000000000000000000000000000000000000000000000000000000000000000000000212092602627987	Lipid storage
AT3G18570	2.89231456028251	0.000000000000000000000000000000000000000000000000170842609945774	Lipid storage
ATGRP20	6.61451852685048	0.00000354173775284648	Lipid storage
LDIP	1.38027145180864	0.00000000000000000000000341932329532718	Lipid storage
AT1G48990	1.23951332824361	0.00000000000000000000000000000000000196037194908188	Lipid storage
AT5G56100	1.78049146004427	0.0000000000000000000000000000000000000000000000000000000000000000000000000395893107675034	Lipid storage
ATCRA1	3.34507506406128	0.000000000000000000000000000000000000000000000000000000000000000000000000000000000000000000000000000000000000000000000000000000000000000000000000000000000000000000000000000000000000000000000000000000000000000000000000000000000000000000000000000000000000000000000000000000000000000033341802847738	Seed maturation
ATEM6	3.41615047842599	0.000000000000000000000000000000000000000000000000000000000000000000000000000000000000000000000000000000000000000000000000000000000000000000000000000000000000000000000000000000000000000000000000000000000000000000000000000000000000000000000000000000000000000000000000000000000000000033341802847738	Seed maturation
CRC	2.44985448963306	0.0000000000000000000000000000000000000000000000000000000000000000000000000000000000000000000000000000000000000000000000000000000000000000000000000000000000000000000353749135994646	Seed maturation
AtCLO1	3.13113927875773	0.00000000000000000000000000000000000000000000000000000000000000000000000000000000000000000000000000000000000000000000000000000000000000000000000000000000000000000000000212092602627987	Seed maturation
SMP1	2.64688293014434	0.00000000000000000000000000000000000000000000000000000000000000000000000000000000000000000000000000000000000000000000000000000507369721561584	Seed maturation
SEIPIN1	2.88374156975134	0.000000000000000000000000000000000000000000000000000000000947894094629568	Seed maturation
ATPER1	2.95836572631529	0.000000000000000000000000000000000000000000000000000000000000000000000000000000000000000000000000000000000000000000000000000000000000000000000000000000000000000000000000000000000000000000000000000000000000000000000000000000000000000000000000000000000514291799403026	Seed maturation
ATM10	2.80048908326513	0.000000000000000000000000000000000000000000000000000000000000000000000000000000000000000000000000000000000000000000000000000000000000000000000000000000000000000000017451085781978	Seed maturation
AT5G01300	2.49030989236439	0.000000000000000000000000182960089913735	Seed maturation
ATDOG1	3.36616620749081	0.0000000000000940803383847816	Seed maturation
AT3G26770	2.12674722007989	0.0000000000000000000000000000000000000000000000295435238143108	Seed maturation
CRB	1.07059955263849	0.000000000000000000114276867984775	Seed maturation
ATTIL	0.902139908788983	0.000000000000000000000000000000944673855858507	Seed maturation
AT1G07985	1.20970951062905	0.0000000000000000000000000000000000000000000138143692255734	Seed maturation
ATSUS3	1.86624313400815	0.00000000000000000000000000000000000000000000000000000000000000000000000000000000000000000000694382357065715	Seed maturation
AITRL	1.18470598996997	0.0000000000000000000000000000000000000237173336128836	Seed maturation
TES1	0.561030154472402	0.000000000716707721227949	Seed maturation
AT1G15180	0.839729649886608	0.0000000000000000000000000834618693376628	Seed maturation
ENY	0.549945222545555	0.00000000600995630638273	Seed maturation
AT1G22600	1.40138725154995	0.00000000000000000000000000000000000000000000000000000029885428146156	Seed maturation
DOG18	0.580112301212738	0.000000000175098507450186	Seed maturation
AT1G03890	1.37346644345455	0.000000333283501857127	Seed maturation
CYP707A2	0.786867066744718	0.00000000000000000098479691051611	Seed maturation
DOGL4	1.33770651803834	0.0000000000000000000000000000000027529971878434	Seed maturation
AT1G03030	0.537182565188915	0.0000017055228498612	Seed maturation
AtHMP55	1.51290268405861	0.000000000000000000128324439351038	Seed maturation
CYP707A1	1.02131404732999	0.302811029320331	Seed maturation
AHK1	0.593874454790005	0.000000062712598780031	Seed maturation
AIP1	0.618644173041268	0.0000000251701954785863	Seed maturation
DEAR2	0.898810026356667	0.00000000000000495526064095449	Seed maturation
GCR2	0.606217774411409	0.0752753801082837	Seed maturation
AT2G36770	1.87247495677115	0.00000000000289242937895834	Seed maturation
FRS	1.39499699164672	0.00000000000000751344506874908	Seed maturation
ATNCED9	0.898681616566188	0.000000535539053698186	Seed maturation
GER5	1.25662712943406	0.0000000604143109588918	Seed maturation
ATMYB96	1.20756339980571	0.00329767258907031	Seed maturation
ATNCED5	1.70382810176431	0.00000000124371913583029	Seed maturation
APUM9	0.609494266617617	0.763662897346503	Seed maturation
AT1G27330	-2.03978072166961	0.000000000000000000000000000000000000000000000000000000000000000000000000000000174213021144726	Response to ER-stress
ATUTR3	-2.05124880548179	0.00000000000000000000000000000000000000000000000000000000000000000000000000000000000000000000000000000345889841789151	Response to ER-stress
BIP3	-2.17479581182624	0.000000032534445347703	Response to ER-stress
IRE1C	-2.39520887907663	0.00671644054958386	Response to ER-stress
AtCRT1b	-2.15343245929784	0.0000000000000000000000000000000000000000000000000000000000000000000000000000000000000000000000000000000000000000000000000000000000000000000000000306750965687707	Response to ER-stress
ATPDI10	-2.55536192804581	0.0000000000000000000000000000000000000000000000000000000000000000000000000000000000000000000000000000000000000000000585092886182452	Response to ER-stress
AT4G30500	-2.00040945285013	0.0000000000135703279145969	Response to ER-stress
AtCRT1a	-2.05749021356675	0.00000000000000000000000000000000000000000000000000000000000000000000000000000000000000000000000000000000000000200092482121395	Response to ER-stress
BIP	-1.81515483370641	0.000000000000000000000000000000000000000000000000000000000000000000000000000000000000000000254909745329324	Response to ER-stress
BIP1	-1.70892642262395	0.000000000000000000000000000000000000000000000000000000000000000000000000000000000000000448935716660393	Response to ER-stress
AtHsp90-7	-1.67635141288943	0.00000000000000000000000000000000000000000000000000000000000000000000000000000000000000000045106491978426	Response to ER-stress
ATCNX1	-1.59948820685564	0.0000000000000000000000000000000000000000000000000000000000000000000000000191740813686069	Response to ER-stress
ATPDI5	-1.54842023468972	0.00000000000000000000000000000000000000000000000000000000000000000000000000000000895471692991063	Response to ER-stress
ATPDI11	-1.25356880724693	0.0000000000000000000000000000000000000000000000000483565244051487	Response to ER-stress
ATPDI6	-1.53289033564488	0.0000000000000000000000000000000000000000000000000000000000000000000206175678321454	Response to ER-stress
AT5G50460	-1.71522619641541	0.0000000000000000000000000000000000000000000000000000000688067944119525	Response to ER-stress
AT5G07340	-1.79220202344979	0.000000000000000000000000000000000000000000000000000000000000000000000000000000000000000000000000000000000000000000000226263788301745	Response to ER-stress
ATPDI1	-1.13326540036992	0.00000000000000000000000000818341108777372	Response to ER-stress
AT4G14420	-1.17670095226198	0.0000000000000000000000000000000000000291343620486497	Response to ER-stress
AT4G24920	-1.50122203270864	0.000000000000000000000000000000000000000000000000020053410695072	Response to ER-stress
AT1G27350	-0.982087195793329	0.000000000000000000000245015796190169	Response to ER-stress
AtHrd1B	-1.11972768137921	0.000000000000000389847855087222	Response to ER-stress
ATUTR1	-1.9808058258596	0.0000000000000000000000000000000000000000000000000000000000000571382803203909	Response to ER-stress
PAWH2	-1.57176789389666	0.000000000000000000000000318556538279682	Response to ER-stress
TIN1	-1.48353561374188	0.00000000000000000404354823990649	Response to ER-stress
LEA29	2.06686567353456	0.000000000000000000000000000000000000000000000000000000000000000000000000000000000000000000000000000000000000000000000360889808146829	Selected
AtLEA4-5	1.14506039288951	0.0000000000000000000000000000000000431784412550778	Selected
SSLEA	2.17009943330876	0.000000000000000000000000000000000000000000000000000000000000000000000000000000000000000000000000000000335094202790017	Selected
LEA7	2.76779347336075	0.000000000000000000000000000000000000000000000000000000000000000000000000000000000000000000000000000000000000000000000000000000000000000000000000000000000000000000000000000000000000000000000000000000000000000000000000000000000000000000000000000000000000000000000207807094959569	Selected
AtCP1	1.92174427246546	0.000000000000000000000000000000000000000000000000000000000000000000151643917090989	Selected
ALPHA-TIP	3.80588396660901	0.00000000000000000000000000000000000000000000000000000000000000000000000000413480167520268	Selected
BETA-TIP	4.04394798008992	0.0000000000000000000000000000000000000000000000000000000000000000000000000000000000000000000000000000000000000000000000000000000000000000000000000000000000000000000000000000000000000000000000000000000000000000000000000000000000000000000000000000000000000000038346187111531	Selected