sample_name	Treatment	Mutant	Time
WTD_1	No	No	0
WTD_3	No	No	0
WTD_2	No	No	0
ATG7D_1	No	Yes	0
WT48_3	No	No	48
WT48_2	No	No	48
WT48_1	No	No	48
WT24_3	No	No	24
WT24_2	No	No	24
WT24_1	No	No	24
ATG748_3	No	Yes	48
ATG748_2	No	Yes	48
ATG748_1	No	Yes	48
ATG724_3	No	Yes	24
ATG724_2	No	Yes	24
ATG724_1	No	Yes	24
ATG7D_3	No	Yes	0
ATG7D_2	No	Yes	0
ATG7A96_3	ABA	Yes	96
ATG7A96_2	ABA	Yes	96
ATG7A96_1	ABA	Yes	96
ATG7A24_3	ABA	Yes	24
ATG7A24_2	ABA	Yes	24
ATG7A24_1	ABA	Yes	24
WTA96_3	ABA	No	96
WTA96_2	ABA	No	96
WTA96_1	ABA	No	96
WTA24_3	ABA	No	24
WTA24_2	ABA	No	24
WTA24_1	ABA	No	24